id,SquareFeet,Bedrooms,Bathrooms,Neighborhood,YearBuilt,Price
0,2126,4,1,Rural,1969,215355.28361820136
1,2459,3,2,Rural,1980,195014.22162584803
2,1860,2,1,Suburb,1970,306891.0120763329
3,2294,2,1,Urban,1996,206786.78715332696
4,2130,5,2,Suburb,2001,272436.239065061
5,2095,2,3,Suburb,2020,198208.80390657103
6,2724,2,1,Suburb,1993,343429.3191099182
7,2044,4,3,Rural,1957,184992.321268412
8,2638,4,3,Urban,1959,377998.58815204125
9,1121,5,2,Urban,2004,95961.92601406392
10,1466,5,3,Suburb,1951,191113.7686788604
11,2238,3,3,Suburb,1987,253358.64500167352
12,1330,2,2,Suburb,1992,132172.3926169813
13,2482,4,3,Suburb,1989,231157.02767588635
14,1087,4,1,Urban,1976,118393.82316264397
15,2396,2,2,Suburb,1993,267377.3996858498
16,2123,5,2,Rural,1956,190773.14856300573
17,1871,4,2,Suburb,1977,172989.80490101498
18,2687,5,1,Urban,1979,239222.6677969504
19,1130,4,3,Rural,1962,143050.20178240183
20,2685,4,3,Urban,1999,405523.82831733953
21,2332,3,3,Rural,1978,263954.1540627713
22,1769,4,1,Suburb,1963,148310.62016790514
23,1343,2,3,Rural,2013,151733.92248999208
24,2515,2,3,Urban,2013,307961.1073823952
25,2437,2,1,Rural,2004,276162.86180465267
26,1805,5,1,Rural,2002,243985.2054715822
27,1385,4,3,Rural,1996,88030.54185271678
28,2215,5,1,Urban,1952,282908.98169371625
29,1955,3,1,Rural,2014,240976.55176671065
30,1276,4,1,Rural,1965,104747.33458904953
31,2184,2,2,Suburb,1959,347207.38956128363
32,1459,3,2,Rural,2006,77493.9314389322
33,2337,3,3,Suburb,2008,331851.0816694101
34,1021,4,3,Rural,2013,110408.67080143408
35,1252,2,1,Urban,1993,127932.75677961828
36,1747,5,3,Rural,1982,228683.2269961876
37,1856,4,2,Rural,1959,124711.70785494654
38,2584,2,3,Suburb,2001,415850.77083678055
39,1474,3,3,Urban,1959,184819.96119001516
40,2082,4,2,Suburb,1966,164855.98777549056
41,1510,3,2,Suburb,2002,156928.01471681413
42,2705,2,1,Urban,1971,282457.8613741379
43,2499,5,1,Urban,2021,287591.6728221959
44,1699,5,1,Rural,1960,156313.5941951282
45,1975,3,3,Suburb,2016,279764.3710402287
46,2806,3,3,Suburb,1962,366494.48060208897
47,1189,3,3,Urban,2007,244539.2816890332
48,1957,4,2,Rural,1994,239299.9944944986
49,1686,2,3,Urban,1994,249148.34468610145
50,1957,3,2,Rural,1992,304197.5798399542
51,1562,3,3,Rural,2013,89378.55062087673
52,2899,3,3,Rural,1988,427295.4046033164
53,2590,5,2,Suburb,1957,328501.8015463275
54,2267,3,2,Urban,1989,215867.4189845816
55,1831,2,2,Rural,2000,190058.8928999779
56,2528,5,1,Urban,1969,259751.15444635935
57,2154,2,1,Rural,2015,166810.3886512713
58,2508,5,3,Suburb,2007,352932.1624639027
59,2842,5,3,Urban,2014,422042.91851435706
60,1646,4,3,Suburb,1994,91423.61964633202
61,1020,5,1,Rural,1983,220053.8603574218
62,1840,5,3,Suburb,1961,216148.20845399628
63,1166,2,2,Suburb,1972,161587.15372788318
64,2297,2,2,Urban,2017,194967.9094711132
65,1387,3,1,Rural,2002,152828.720291152
66,1600,4,2,Rural,2002,256725.9809436184
67,1315,5,2,Suburb,1989,98039.30310069738
68,1013,4,3,Urban,2002,164858.18694892063
69,1241,3,2,Urban,1985,199373.18209909197
70,1776,4,2,Urban,2014,181245.4467436535
71,2369,5,1,Suburb,1963,209700.7184829428
72,1564,2,2,Rural,1983,163053.3920501942
73,1897,4,2,Rural,1975,304004.68986597785
74,2363,5,3,Urban,2004,308830.9396512381
75,1091,3,3,Urban,2012,194294.00184175
76,2390,5,3,Urban,2019,172777.3198326151
77,1955,4,1,Suburb,1995,197656.07026552537
78,2478,5,3,Urban,1986,273365.49912049377
79,2451,5,2,Rural,1972,216047.21814963987
80,1508,4,1,Urban,1965,149586.15312931265
81,1775,4,2,Suburb,1981,214171.08224172727
82,2966,3,2,Rural,1956,277419.0001600792
83,1034,5,3,Rural,1993,117295.37520060757
84,1205,2,1,Urban,1996,180760.867453112
85,2104,4,1,Suburb,1954,202715.1601476104
86,2955,5,3,Rural,2012,378403.5710107572
87,2585,2,1,Suburb,1961,257776.0924243205
88,2895,2,2,Suburb,2021,266046.87792908505
89,2411,5,1,Rural,1958,337645.67623531295
90,2025,5,2,Rural,1993,240145.9702539115
91,2021,5,1,Suburb,1971,92641.62211021264
92,2413,2,1,Urban,1995,152037.88283583574
93,1565,5,3,Rural,1957,149848.61640852437
94,2129,4,3,Urban,2005,220384.43445019663
95,2795,2,1,Rural,1977,305658.56385268376
96,2845,4,2,Urban,1996,318297.25657762005
97,2500,4,3,Rural,1984,230749.27633657065
98,1702,5,3,Urban,1970,201925.84088885225
99,1401,4,3,Suburb,1982,149576.68114338422
100,1729,5,1,Rural,2019,171877.06629783398
101,2579,2,2,Urban,1997,245276.73391788083
102,1161,4,2,Suburb,2003,288571.1271841178
103,1201,5,1,Urban,1951,87804.5603712397
104,2981,3,2,Rural,1982,267127.0106286388
105,1995,5,3,Suburb,1965,221217.76933158597
106,1269,3,2,Suburb,1999,218784.63298580731
107,2886,5,3,Rural,1969,315607.02376495936
108,1815,3,3,Urban,2016,217967.92847377845
109,2294,4,1,Rural,1994,353343.63401135267
110,1455,3,3,Urban,1984,187002.96390785457
111,2485,4,2,Rural,1978,222855.0832963985
112,2750,4,2,Rural,1994,366548.8223262025
113,2275,5,2,Rural,1964,259473.2793370484
114,2016,4,2,Urban,1952,212440.4223945249
115,2725,2,2,Urban,2018,237066.6856356926
116,1295,3,3,Urban,1983,158357.6480582802
117,2748,5,1,Suburb,2020,255619.99775314287
118,1719,4,1,Suburb,1953,190659.43496867083
119,2772,3,2,Urban,1968,284985.43569363654
120,1337,3,3,Urban,1970,214741.228522745
121,1878,2,1,Suburb,1964,128693.02879404814
122,2076,3,2,Rural,1966,184051.98271688656
123,1791,5,3,Rural,2003,242865.26019000952
124,2945,5,1,Urban,1986,295356.77549321775
125,1216,4,3,Rural,2003,107868.93208831896
126,1763,4,2,Urban,1971,207380.13609180792
127,1187,5,3,Suburb,1957,132828.81413178446
128,1379,3,1,Urban,1960,84493.6913127725
129,1492,3,1,Suburb,2019,53360.86540604882
130,2064,2,3,Rural,1958,296199.3496255564
131,2180,4,1,Urban,1951,273924.557395998
132,1014,3,3,Urban,1981,204340.7258965054
133,2836,3,3,Urban,2000,228582.09695971967
134,1064,4,2,Suburb,1986,237384.3466275038
135,2880,5,2,Rural,1955,312245.8679787154
136,2862,3,3,Urban,1961,219408.6249604324
137,1520,2,1,Rural,2003,201334.94160447217
138,2367,3,2,Suburb,1995,221413.5776081872
139,2152,3,1,Rural,1982,306839.62194227794
140,1647,2,3,Urban,1967,126756.3572316613
141,2495,5,1,Urban,1987,328702.8347369156
142,2086,2,1,Suburb,2008,141074.02839361285
143,2162,2,3,Rural,1956,220712.46134879728
144,2522,4,2,Urban,1964,319176.8398973249
145,1592,3,2,Suburb,1950,245299.2098929523
146,1391,5,1,Rural,1995,51154.13113008726
147,2698,3,3,Urban,1981,314018.0283390546
148,1418,5,3,Suburb,1998,222904.25800629333
149,1288,2,2,Suburb,1959,115697.77821526628
150,1378,4,3,Suburb,1966,140714.77037514705
151,2796,2,3,Suburb,1969,178353.14814536367
152,2513,3,1,Suburb,2000,280022.0311214733
153,1230,4,1,Rural,1971,136418.4807787985
154,2017,4,2,Urban,1969,195803.9703359068
155,1040,3,2,Rural,2014,98933.439065306
156,2051,5,1,Suburb,1953,185052.5631740863
157,1134,4,3,Urban,2003,160764.43940877952
158,1200,5,3,Suburb,2014,156394.27348181067
159,2863,5,1,Suburb,2000,333464.1490294491
160,1779,5,1,Urban,1960,211994.3281859909
161,1929,4,1,Rural,1976,252779.69087222763
162,2056,2,1,Urban,1975,288750.4043072761
163,2071,4,3,Rural,1966,185482.06063162317
164,1502,2,3,Suburb,1991,119671.3689479028
165,1406,4,2,Suburb,1997,148891.4193350198
166,2597,2,1,Rural,1982,235810.22355681533
167,2751,2,2,Suburb,2010,357765.11724448414
168,1804,4,3,Rural,1978,216771.35995628755
169,1098,5,2,Rural,2012,102580.49836622812
170,1683,5,3,Urban,1986,208774.14233121456
171,2895,2,3,Suburb,2005,302454.6401474587
172,1725,3,2,Urban,1965,208558.78172335384
173,2570,3,2,Urban,2005,276434.5399454463
174,1960,4,1,Suburb,1991,220786.7119550845
175,2762,4,3,Urban,1973,354268.47524739604
176,1612,4,1,Suburb,2018,142420.97226095255
177,2966,3,1,Suburb,1980,299146.59537507093
178,2485,5,3,Urban,1960,321647.4526525699
179,1642,4,2,Suburb,1951,216976.90806023663
180,2792,4,1,Suburb,2020,243179.70337319985
181,2028,5,1,Suburb,1984,184210.77355558556
182,2241,2,3,Suburb,2011,175779.56815188617
183,1502,4,2,Urban,2003,162271.08640489963
184,1766,3,2,Rural,2018,240727.03972085557
185,1397,3,1,Urban,2000,186900.94639311853
186,1870,4,3,Rural,1958,208692.1497994106
187,1794,3,1,Rural,1963,114333.69387419586
188,1392,5,2,Rural,2005,225281.32417764855
189,1206,2,1,Suburb,1983,110852.45257182162
190,2038,2,3,Rural,1950,206119.18171087175
191,2881,4,1,Suburb,1987,292218.3734233528
192,2577,4,2,Suburb,1966,209166.2973385366
193,1891,2,3,Suburb,1965,283220.10867648444
194,2484,2,3,Urban,1997,354538.82144245284
195,2714,4,3,Rural,1999,290954.49181524914
196,2598,3,3,Urban,2020,207377.55545532453
197,1863,4,3,Suburb,1990,267934.0925699399
198,1742,5,1,Urban,1993,235034.89983819608
199,2264,4,3,Suburb,1964,246611.88309182983
200,1563,4,2,Urban,2010,314867.65157339314
201,2020,4,3,Suburb,1999,278092.75713699666
202,1095,4,2,Suburb,2001,88443.38397499491
203,2923,4,2,Urban,2001,235396.4544878884
204,2757,4,2,Suburb,1985,280503.8129283642
205,1484,3,2,Rural,1982,273072.3372618648
206,2430,4,2,Urban,1994,252666.84831969367
207,1230,2,1,Urban,1951,133914.40680878342
208,1748,4,2,Suburb,1950,142717.8302268369
209,2678,3,2,Urban,2019,266197.0443802551
210,2194,5,2,Rural,1996,245433.69445927496
211,1540,2,1,Urban,2013,177796.40298151918
212,2059,4,3,Rural,1967,226582.27427106167
213,1524,4,2,Urban,2003,170745.4653213651
214,2183,2,1,Rural,1984,194059.37069774355
215,2862,4,1,Urban,2008,347187.40927735553
216,2722,3,1,Rural,1985,345978.9788809702
217,2266,4,3,Suburb,1975,323981.5079872238
218,2109,5,1,Urban,1994,185909.90163690777
219,2819,3,2,Urban,2018,231642.41525201904
220,1577,4,2,Rural,1979,181472.0115124785
221,1681,5,2,Urban,1982,247683.3818141536
222,1556,2,3,Rural,1972,174119.77971258396
223,2597,3,1,Suburb,1970,249931.38186463085
224,2976,4,2,Rural,2012,352084.04725339817
225,2012,4,2,Urban,2019,356256.91027704417
226,1645,2,2,Suburb,2017,115738.60239613194
227,1795,2,3,Rural,1985,265399.2764300769
228,2051,3,2,Rural,1986,205543.4524987724
229,2643,3,1,Suburb,1950,248155.87168453963
230,2579,3,1,Urban,1975,318796.39679075696
231,2363,4,3,Urban,1991,254479.2559878204
232,2821,4,3,Urban,1989,248782.21694158544
233,2981,3,3,Suburb,2002,320922.1761831169
234,2354,4,1,Rural,2011,265274.0039736152
235,2663,2,3,Suburb,1993,283301.9362070697
236,2529,5,3,Rural,1985,291195.67134809634
237,2371,4,1,Suburb,1953,240277.00975870187
238,2496,3,2,Rural,1970,316708.5953854667
239,2254,4,3,Rural,1966,267724.6993464473
240,1189,2,2,Suburb,1965,52033.75929268488
241,2248,3,2,Suburb,1990,157260.98352993536
242,2408,5,2,Suburb,2004,349887.387165537
243,2400,3,2,Rural,2006,302581.5244158059
244,2306,3,3,Suburb,2015,267740.4346651604
245,2981,3,3,Rural,1987,296942.7544003423
246,1632,4,3,Rural,2005,211665.6221785599
247,1627,5,1,Suburb,1986,240462.67775685625
248,1972,2,1,Urban,1999,221900.77310879892
249,2768,4,2,Urban,2004,337510.5084427254
250,2282,5,1,Rural,1950,351438.5468115283
251,2382,5,2,Rural,2014,207718.7411877128
252,1709,4,2,Urban,2014,187379.39012426996
253,2479,3,3,Rural,1993,325104.8263530242
254,2434,5,3,Urban,1961,234064.51365009736
255,1648,2,1,Rural,2002,168976.49535597963
256,1317,4,3,Rural,2010,72491.39025921248
257,2700,5,1,Suburb,1962,397825.33643637935
258,2248,2,3,Urban,1991,224680.0524200836
259,2842,2,3,Rural,1995,297609.7185248232
260,2257,2,1,Urban,1991,211357.56307458412
261,1683,2,2,Suburb,1965,191156.38414084716
262,1663,4,1,Urban,1993,198444.2855472129
263,2998,2,3,Rural,2019,227602.84522047613
264,2850,4,2,Urban,1965,227374.5843014784
265,2397,2,3,Suburb,1971,311492.246607957
266,2695,2,3,Urban,1984,341035.6518169741
267,2631,4,3,Urban,1998,329215.4127322002
268,2495,3,2,Urban,2020,189722.8949577994
269,2256,5,3,Urban,2013,315304.2483174342
270,2715,5,1,Rural,1980,229019.4794959325
271,2136,4,1,Urban,1950,218041.2170573715
272,2853,2,1,Suburb,1974,256367.864328076
273,2520,4,2,Urban,1969,427589.0870411169
274,1441,2,1,Suburb,1957,161116.81865195103
275,1563,4,3,Suburb,2013,182494.88596722667
276,2291,5,2,Suburb,1965,276165.905109651
277,2533,4,3,Suburb,2004,314516.6129790323
278,2830,5,3,Rural,1975,272012.265169515
279,2409,5,3,Urban,2014,342249.54232187086
280,2410,5,1,Urban,1977,258023.51102204097
281,2136,4,1,Rural,1995,115459.88197304336
282,2636,3,2,Urban,2003,240419.9739043436
283,2648,4,2,Rural,2003,388951.7892392383
284,1951,4,1,Suburb,2021,250119.2128528494
285,2104,3,1,Urban,1998,210586.97653456448
286,1698,3,3,Suburb,1995,234243.624414166
287,1112,5,1,Urban,1950,69293.96649206044
288,1001,2,3,Urban,1993,163837.68243703258
289,1641,2,1,Urban,1953,252127.9862511156
290,1219,5,3,Suburb,1980,117989.35682972187
291,2589,4,1,Rural,1964,313948.4453118486
292,1854,2,1,Suburb,1950,254919.27518581905
293,2759,4,2,Rural,2021,197521.82717092487
294,2248,3,2,Urban,1955,198494.040257516
295,1384,3,3,Urban,1976,152204.7558913935
296,2426,5,2,Urban,1975,308529.3077393932
297,2661,4,2,Urban,2015,308854.90099919715
298,2153,5,1,Suburb,1962,246860.55002366885
299,2076,2,3,Rural,2020,225867.2386279585
300,2707,2,2,Rural,1983,249678.22890096117
301,1729,2,2,Rural,1982,108636.47522678511
302,2695,4,1,Urban,1989,299818.56075223465
303,2733,5,1,Suburb,1992,290094.597001723
304,2439,5,1,Urban,1956,272077.872708492
305,1246,2,3,Rural,1988,130941.48294297824
306,1835,5,1,Suburb,2015,241849.2414576917
307,2462,3,3,Suburb,1985,206273.30005677108
308,1202,3,1,Urban,2013,155086.4598591631
309,2207,3,2,Suburb,1953,169742.87033019328
310,1122,3,3,Suburb,1971,148324.403196361
311,1400,5,1,Suburb,2020,184460.04344561708
312,1766,3,1,Urban,1953,138095.4799175649
313,1293,3,2,Urban,2013,205414.9104558009
314,1279,3,2,Suburb,1971,183265.3989623526
315,2860,3,2,Urban,2011,284616.467279546
316,1883,3,1,Suburb,1989,181947.6428840441
317,2633,4,2,Rural,1969,284003.76941338705
318,1197,4,2,Rural,1958,90959.78932620135
319,1981,3,3,Suburb,2014,198755.14636608923
320,2930,3,3,Rural,1972,370459.8290291032
321,2534,5,3,Rural,1984,348379.2664670972
322,1751,3,1,Rural,2008,270704.1541412828
323,1143,2,3,Suburb,1963,168931.8286047524
324,1608,4,1,Urban,1993,189126.05140688832
325,2224,3,2,Suburb,1971,218168.70814067312
326,2147,4,1,Suburb,1977,199220.1955072361
327,1186,3,1,Urban,2008,129960.0168172268
328,2349,2,2,Suburb,1996,281507.7449630544
329,1463,3,3,Suburb,2017,169378.78481722157
330,2372,4,3,Suburb,2019,248599.1076612193
331,2794,4,3,Rural,1966,411678.0284271322
332,1659,4,2,Suburb,1980,119032.8829834174
333,1763,5,1,Suburb,1963,230075.0498156624
334,1954,4,2,Urban,1998,122604.95616584706
335,2955,3,2,Rural,2016,296998.838109315
336,1402,2,2,Rural,1970,109470.14273140584
337,2369,2,2,Suburb,1962,246212.1973150715
338,2986,3,1,Rural,1999,310583.0758590737
339,2534,5,3,Rural,2017,233756.8863821809
340,1146,3,3,Urban,1961,100102.22524595106
341,2171,4,2,Urban,1997,199324.84069986545
342,1863,5,1,Rural,2013,331026.59636098804
343,2734,3,2,Urban,1964,231041.34837459872
344,2843,5,1,Suburb,1965,333530.0633743215
345,1488,2,2,Urban,2021,61092.661234490224
346,1928,3,3,Suburb,1999,205778.3124412656
347,2959,3,3,Urban,1990,384570.7364514372
348,2663,2,2,Rural,1953,339772.9527372086
349,1550,5,3,Suburb,1969,186745.12964093967
350,1337,2,2,Urban,1957,185559.0801900139
351,1871,5,1,Urban,2017,213894.31463154923
352,1640,3,1,Suburb,1996,180978.0156828019
353,2802,5,1,Urban,1982,243011.57473076603
354,2976,5,1,Rural,1954,265075.948204332
355,1472,4,2,Suburb,2017,163315.12699992972
356,2969,4,3,Rural,1990,384847.049904619
357,1150,4,1,Suburb,2010,190479.19894101736
358,2438,2,3,Suburb,1973,204129.2143255608
359,2321,2,2,Suburb,1976,249930.1176296619
360,2634,4,3,Suburb,1978,372750.474809396
361,1262,3,3,Rural,2016,189650.20106156013
362,2787,3,3,Rural,1986,308299.31208062085
363,1143,3,2,Suburb,2002,95784.07401708022
364,1345,2,2,Suburb,1951,165456.11841318812
365,1623,5,2,Rural,1986,236531.66553606672
366,2016,2,3,Suburb,2021,212190.754931357
367,2595,4,1,Suburb,2014,298280.3606844734
368,1880,5,1,Rural,1997,172765.2509259063
369,1001,3,3,Rural,1998,151917.35363762768
370,1896,2,1,Rural,1996,196497.06930440952
371,2327,2,1,Urban,1953,212603.1701695292
372,1253,4,3,Suburb,1952,205827.91372135773
373,2675,3,2,Rural,1985,350608.1323068653
374,1452,2,1,Suburb,1955,64055.91437875759
375,2060,2,2,Urban,1983,202645.46873652583
376,2183,5,1,Rural,2001,215636.3058238462
377,2014,2,3,Rural,1980,210336.9814886116
378,1008,5,3,Suburb,1983,161063.73607289075
379,2256,2,2,Suburb,1991,162732.68100454088
380,2122,3,2,Rural,1997,283190.3905839381
381,2682,4,2,Rural,2005,257018.5571445656
382,1815,3,2,Suburb,1967,161315.08881199546
383,1207,4,3,Suburb,1963,171344.51259950385
384,2154,2,3,Rural,2018,301758.3277786632
385,1403,3,3,Urban,2007,186512.3186615685
386,1151,5,2,Suburb,2019,147961.73986336417
387,1053,4,3,Suburb,2005,96856.0932254072
388,2143,4,3,Suburb,2002,241976.24174705177
389,2696,2,1,Rural,2018,256546.84581714935
390,2943,4,1,Rural,2009,245612.12503446644
391,1627,4,1,Rural,1981,192616.91072899688
392,1586,4,2,Suburb,1996,234537.6253437164
393,2648,2,2,Suburb,1971,266525.8016301305
394,2991,3,3,Urban,1953,411274.8172102008
395,2443,2,3,Rural,1974,241617.27376623056
396,2445,5,2,Rural,2010,230463.81535562876
397,1103,4,1,Suburb,1961,249885.94696430844
398,2875,4,3,Suburb,1980,320712.17394718895
399,1253,3,1,Urban,1950,131536.1635751427
400,2250,4,3,Suburb,2010,258681.64856947903
401,2135,3,1,Suburb,1955,236721.57971005855
402,1509,4,3,Suburb,1971,152417.95938444213
403,2496,4,1,Urban,1961,277449.0163566118
404,1098,2,1,Urban,1972,97639.64420350434
405,1152,2,2,Urban,1984,68864.72803706494
406,2884,5,3,Urban,1963,292602.0202390748
407,1913,3,1,Urban,1979,163126.63462798466
408,2919,5,2,Rural,1971,316117.1565885165
409,1877,2,3,Suburb,1965,173591.51575437415
410,1337,3,2,Urban,2020,245240.86934782268
411,2729,2,1,Urban,1964,299136.08095898724
412,1821,3,3,Urban,1951,102620.91177154332
413,2186,4,1,Urban,1971,174740.9101274219
414,2743,5,1,Suburb,2012,303839.76221234776
415,1956,5,2,Suburb,1964,255500.6502956529
416,2704,3,1,Rural,1968,305226.1480002337
417,1160,5,3,Suburb,1970,174048.9195625192
418,2603,2,2,Urban,1976,240369.9407103269
419,1800,5,1,Urban,1968,310732.5930169608
420,1397,3,1,Urban,1975,125680.08165265153
421,2300,5,1,Urban,1998,303253.7531069421
422,1815,5,2,Suburb,2007,137931.9765937645
423,2939,2,3,Suburb,2016,238181.44457414243
424,2527,4,2,Rural,1974,299144.4834011201
425,2919,2,1,Suburb,1971,340122.3586828582
426,2415,5,2,Urban,1963,230193.1787231853
427,2158,5,1,Urban,1958,300494.89658879273
428,2218,4,2,Suburb,1971,267560.2687840433
429,1400,4,1,Rural,1964,173748.30901295756
430,1639,2,2,Rural,1989,198112.8732028993
431,2056,4,1,Suburb,2014,237224.42820565245
432,1687,2,1,Suburb,2002,130383.649751031
433,1459,3,2,Suburb,1980,248587.29005790915
434,1954,5,2,Urban,1959,268826.7410314462
435,2906,4,1,Suburb,1983,307426.13760987023
436,1469,3,3,Suburb,1986,224293.97218700784
437,2398,3,1,Rural,1962,335992.3788479656
438,2045,2,1,Rural,1987,265649.0843029641
439,1749,2,3,Urban,1994,218960.6472310992
440,2693,4,1,Rural,1959,257512.558546102
441,1037,2,2,Rural,1971,86619.3046619419
442,1229,3,2,Suburb,2010,48780.11212797354
443,2388,3,3,Rural,1987,274896.26156200573
444,1562,5,1,Rural,2007,181237.83172594447
445,1437,3,2,Rural,1975,49052.37096077934
446,2799,4,1,Rural,1998,182649.2382746536
447,2306,5,3,Rural,2011,347942.00526169845
448,1026,2,2,Rural,1958,31998.01567703142
449,1225,5,3,Rural,2009,181103.2634891242
450,2300,3,1,Rural,1979,172216.0833107921
451,1797,4,1,Urban,1970,273262.8516738026
452,2632,2,1,Suburb,1999,306987.05161477905
453,1283,2,3,Rural,1978,172933.77203910236
454,1878,3,2,Suburb,1989,159685.44672150235
455,1959,4,3,Rural,1966,244916.4657968306
456,2504,3,2,Urban,2017,250927.64164111172
457,1452,3,1,Rural,2013,86276.33242040729
458,2019,4,1,Urban,1972,209029.94857251868
459,2852,3,3,Rural,1956,267060.0307693574
460,1815,4,2,Rural,1983,158867.81990114367
461,1658,4,1,Suburb,1973,200254.7187053508
462,2539,3,1,Rural,1956,197039.39492254207
463,1546,3,3,Rural,1957,251427.1553830112
464,2215,5,3,Urban,1952,298798.8574661124
465,2072,2,2,Suburb,1953,209615.3837860778
466,2535,2,1,Rural,2012,343628.22962201404
467,1016,4,2,Suburb,2015,86742.69815572829
468,2195,5,2,Suburb,2018,260504.83069560924
469,2243,4,2,Rural,1959,267664.3312110141
470,1157,5,3,Rural,2012,87137.890454451
471,1476,4,2,Rural,1986,217625.4427144939
472,2069,2,2,Rural,2021,179619.68105889083
473,2396,5,2,Rural,1952,304272.5427676434
474,1517,3,3,Suburb,1978,180446.9392014465
475,1098,3,3,Urban,2011,96810.15543797814
476,2915,2,1,Suburb,1982,293526.34787643905
477,2768,5,3,Rural,2009,333027.9076426232
478,2060,3,3,Suburb,1991,261561.33142323635
479,1279,3,2,Urban,2011,60826.5300881568
480,2372,3,1,Suburb,1955,278442.1634559852
481,1496,2,3,Rural,1998,123828.10360692852
482,1301,4,1,Rural,2021,88586.0572983957
483,1180,3,2,Rural,1992,134443.89746195945
484,1606,3,3,Urban,1958,136925.17083144034
485,2122,4,2,Rural,2000,234164.8909559664
486,1699,3,2,Rural,1963,150304.54943999165
487,1992,5,1,Rural,1973,240050.4959834057
488,2139,3,3,Rural,2021,277542.7034815458
489,1190,4,1,Suburb,1982,197241.25178700703
490,1252,2,2,Rural,1978,101805.59807931488
491,1980,2,3,Suburb,1951,197810.6222732038
492,1927,5,2,Urban,2001,172279.06490573462
493,2184,3,1,Suburb,1994,205236.28390756497
494,2279,3,1,Suburb,1987,206408.53323173916
495,2346,4,2,Suburb,1994,279439.98438546
496,1127,4,1,Suburb,1965,127174.72259461066
497,1017,5,1,Suburb,1996,127458.03900892238
498,2816,5,2,Suburb,1974,356063.8292210288
499,2758,3,3,Urban,2006,344787.61939305766
500,1565,3,3,Rural,1968,153282.85159103858
501,1569,5,3,Urban,1987,23125.99668198565
502,2346,2,2,Suburb,2015,297939.72321022314
503,2895,2,2,Suburb,1956,348536.6136271412
504,1685,2,1,Suburb,1969,145096.73485398138
505,2815,2,3,Urban,1953,316533.4621599929
506,1625,5,1,Suburb,1964,273166.5599546608
507,2311,4,2,Urban,2013,343467.41393072536
508,2966,2,3,Suburb,2006,258865.961319416
509,1853,5,2,Suburb,1999,197763.06532333908
510,2686,2,1,Urban,1966,196431.16181485064
511,1961,3,1,Urban,1965,192271.5714413316
512,2662,2,2,Urban,1952,252805.98468674356
513,1154,5,2,Urban,1994,20075.48609393928
514,1489,3,3,Suburb,1993,225167.54229185847
515,2409,3,2,Suburb,2011,333108.7015124155
516,1784,2,1,Rural,1958,253462.8412249309
517,2127,2,1,Suburb,2009,273921.24430261354
518,2952,3,2,Suburb,2006,230500.45057300347
519,2416,4,2,Suburb,2010,361696.0810396887
520,2834,5,3,Suburb,2013,319789.84660978575
521,1245,5,1,Suburb,1966,174765.256712796
522,2199,5,1,Rural,2007,300718.816645502
523,2062,5,1,Urban,1996,261326.85093700883
524,2500,5,2,Suburb,2001,363561.9094447919
525,2705,3,1,Suburb,1967,251734.5890102333
526,1758,5,2,Urban,1986,280965.8950193331
527,1537,4,3,Urban,2019,110904.32560798927
528,2890,4,2,Rural,1966,335743.30890850566
529,2841,2,3,Rural,1952,276296.33685332374
530,1920,2,3,Rural,1982,222212.13213889327
531,1407,2,2,Urban,1956,221697.81574055224
532,1524,2,3,Suburb,1951,223582.38488034377
533,1827,3,2,Urban,1983,206212.79258609767
534,2529,4,1,Suburb,1953,214945.59477018565
535,1902,3,2,Urban,1998,152143.29657619866
536,2848,4,3,Urban,1966,376480.3015198191
537,1035,3,3,Urban,2020,135298.4456835019
538,1684,4,1,Urban,1961,160232.42030870466
539,1019,2,2,Suburb,1993,70855.37071563367
540,1320,4,1,Suburb,1998,183736.7270283909
541,2799,2,3,Suburb,2018,388318.721111638
542,1511,4,2,Suburb,1966,165073.71563418454
543,1399,3,3,Rural,1987,213210.0434161304
544,1653,5,2,Rural,2005,140382.87226040527
545,1971,4,1,Urban,2010,260495.08469184453
546,2906,3,1,Suburb,1981,385304.7144909709
547,1470,5,3,Suburb,2005,144254.79594351217
548,2166,3,1,Urban,1972,277469.1074047808
549,2115,5,1,Urban,2015,252361.13148515
550,2377,2,3,Urban,2016,256202.9962478454
551,1833,4,3,Suburb,1954,139343.72748855263
552,2823,3,3,Suburb,1972,246154.6872755705
553,1726,4,2,Suburb,2000,218372.93023353268
554,2982,2,3,Rural,1974,309839.69209195976
555,1853,2,2,Urban,1973,219293.0105853752
556,1050,4,3,Suburb,1979,203482.1889124172
557,2688,3,2,Urban,2000,220036.0304825068
558,2721,3,3,Rural,1979,365466.45278472325
559,1574,3,2,Urban,2021,125013.14514330492
560,2213,4,1,Suburb,1995,234126.80566940556
561,2148,3,3,Urban,2006,213331.2022846543
562,1149,3,3,Suburb,1978,91677.1743135704
563,1313,5,2,Rural,2011,262434.5217293376
564,1569,3,1,Rural,1978,184359.5380741188
565,2365,2,1,Suburb,1986,323820.0405682337
566,1304,3,2,Rural,1989,97808.59675103222
567,2715,4,3,Urban,2004,298075.9523945043
568,1681,4,1,Rural,1975,128702.11481480266
569,1837,3,3,Rural,1976,129730.19741095706
570,2806,4,2,Rural,2000,326637.4753191202
571,2077,4,3,Rural,1971,241442.143756707
572,2002,3,1,Suburb,2014,259033.5696091164
573,1443,5,2,Rural,1987,299103.33982685435
574,1612,5,1,Suburb,1950,127303.85743184252
575,1992,5,3,Suburb,1964,210318.9028635672
576,1263,5,3,Suburb,1960,188936.21799927184
577,2076,2,2,Urban,2005,185380.12933067384
578,2595,3,1,Urban,1987,294176.3398072445
579,2003,4,1,Suburb,2003,198735.76407487172
580,2643,4,1,Urban,1972,268807.8484225868
581,1004,3,2,Rural,1986,65228.451657181766
582,2126,4,3,Urban,2000,262087.5685406145
583,2219,2,3,Rural,2010,255398.7488360053
584,1773,5,3,Urban,1971,200902.1210079548
585,1876,3,1,Suburb,2015,237628.6476429031
586,1991,4,2,Suburb,2004,201135.28609513523
587,1883,2,1,Urban,2016,327202.41442370834
588,2373,4,2,Rural,1975,313572.8518403207
589,1046,2,1,Rural,1987,161735.08959988356
590,1866,4,2,Suburb,1999,135186.94087616628
591,1822,5,1,Rural,1972,206442.25251652248
592,1935,3,1,Suburb,2002,176508.47514546313
593,2843,5,2,Urban,1988,295895.5580713673
594,1655,5,3,Urban,1972,215023.38326044296
595,1268,4,3,Urban,2015,145269.20365725964
596,1369,5,2,Suburb,1977,156946.23886717143
597,1635,3,2,Urban,2009,246606.27246872173
598,2129,2,3,Rural,2016,194238.86404489263
599,2693,2,1,Suburb,1959,281991.7020085731
600,2682,4,3,Rural,1983,258071.88013024023
601,1656,3,2,Urban,1950,149913.01063562068
602,1119,3,1,Suburb,1986,118571.5243008172
603,1830,2,2,Suburb,2017,258490.79490966225
604,2810,2,3,Suburb,2020,237178.03687268015
605,2627,5,1,Urban,2016,283416.61176366487
606,2081,4,3,Suburb,2007,234682.71104543685
607,2974,2,3,Suburb,1965,236267.06232456485
608,2369,2,3,Urban,2013,220216.97133488397
609,1740,3,1,Urban,1977,231805.2696288392
610,2497,3,3,Rural,2019,293908.2936846775
611,1116,3,1,Rural,1977,148823.04632708835
612,2853,2,3,Rural,1967,317837.8614141733
613,1790,4,3,Suburb,1992,311154.7318744357
614,2150,5,2,Urban,1963,256000.1605924757
615,2416,4,3,Rural,1971,215724.19497451396
616,2931,2,1,Rural,1963,249356.7367478768
617,2012,5,2,Urban,1968,223423.08229570035
618,2664,4,1,Suburb,1968,272864.8009845355
619,2081,2,3,Urban,1988,202344.3255562944
620,1633,4,2,Urban,1982,228849.23363704217
621,1512,2,2,Urban,1987,240983.2420495493
622,2774,3,2,Suburb,1981,289649.3015046294
623,1801,4,1,Rural,1963,144200.25472284656
624,2119,3,2,Rural,1972,257560.4742361165
625,2661,3,2,Suburb,1975,273196.6206523907
626,2141,5,1,Urban,1999,235009.5775041492
627,1559,5,1,Urban,2018,166047.69062077426
628,2624,4,1,Rural,2004,258771.5961898808
629,1487,2,3,Rural,2016,96385.9182789763
630,2260,5,1,Urban,1969,246585.67000113003
631,2908,5,1,Suburb,2005,304455.99187438824
632,1896,3,2,Rural,1964,171955.104831796
633,2295,3,3,Suburb,2008,175119.20936481262
634,2212,2,2,Suburb,2006,273977.7959903137
635,1703,5,1,Urban,1980,133660.82096467528
636,2470,5,1,Suburb,2018,276587.1870510741
637,1580,2,2,Urban,1963,199265.5521697208
638,1789,5,3,Suburb,1971,133679.26622996147
639,1860,4,3,Rural,1996,187289.18440161628
640,1246,4,2,Urban,1991,195380.2522240877
641,2986,2,1,Urban,2020,290467.5265903441
642,2099,3,3,Urban,2010,125993.0726556148
643,1153,2,3,Urban,1954,164864.4865169759
644,2679,4,2,Rural,1973,271131.6959591951
645,2458,5,3,Urban,1963,272401.7092102525
646,1996,5,1,Urban,1997,214623.9275419516
647,2109,3,2,Rural,1964,270288.24876943545
648,1696,3,3,Suburb,1977,263720.90173653525
649,2308,4,1,Rural,1982,343733.4612602183
650,2997,3,1,Suburb,1996,386973.6452388685
651,2243,2,2,Urban,2000,232462.4527446684
652,2092,4,2,Urban,2005,246644.1788837266
653,2070,5,1,Suburb,2015,136921.1150485443
654,2008,5,1,Urban,2003,265746.5807708745
655,1093,5,3,Rural,1950,118967.69191518334
656,2773,3,3,Rural,1962,225775.6618982253
657,1957,4,3,Rural,2004,291978.29503658274
658,2011,3,3,Suburb,1993,261283.9963961752
659,1452,2,3,Suburb,2003,240942.6385063934
660,2227,4,2,Suburb,2016,216203.91808913855
661,1911,3,3,Urban,1998,132355.8167088826
662,1217,5,3,Suburb,2019,228079.11351403585
663,1473,5,3,Rural,1958,148489.51219153902
664,1431,2,1,Suburb,1992,150462.64176160205
665,1340,2,3,Rural,2014,226047.232175168
666,1550,2,2,Urban,2013,115706.61525987924
667,2635,5,1,Suburb,1988,270138.59707251686
668,2312,3,1,Rural,1986,200589.0287850465
669,2277,5,3,Rural,1975,258865.26034286627
670,2757,5,1,Suburb,1983,296494.37010478094
671,1356,5,3,Urban,1985,122490.16195532805
672,1022,3,3,Suburb,1995,115202.93724042212
673,2785,5,3,Urban,2013,341637.3346327042
674,1521,2,2,Rural,1975,202351.35724556248
675,2781,2,1,Suburb,1959,303105.48908660375
676,2860,2,1,Suburb,1980,311183.9181239788
677,2123,2,1,Rural,2007,149038.00718782184
678,1801,5,1,Urban,1977,270736.49580213847
679,2203,5,1,Suburb,1984,263493.245593864
680,2246,5,3,Suburb,2006,324176.94259542966
681,2929,2,3,Suburb,1969,337269.8823295874
682,1761,3,3,Urban,1985,249808.3088836096
683,2682,4,2,Rural,2012,240370.0119099812
684,1441,4,2,Rural,2019,316311.3312099292
685,2631,4,2,Rural,1993,301656.17346017965
686,1768,3,2,Urban,1962,245823.79008430173
687,2015,5,1,Urban,1982,260271.79196695355
688,2348,4,2,Rural,1999,223081.9973620505
689,1515,4,1,Suburb,1994,133643.3552048616
690,2039,5,1,Urban,2004,235473.2568647501
691,1791,4,1,Rural,1999,152462.49930589722
692,1335,5,3,Rural,2001,255989.5045800418
693,2782,4,3,Suburb,1996,326470.3363906014
694,1257,5,1,Suburb,1992,218502.8587774109
695,1496,2,2,Urban,1959,202684.77305729603
696,1895,3,1,Urban,1997,159563.627499803
697,1159,4,3,Rural,2017,167817.14670311325
698,2498,5,2,Urban,2004,328340.9621873803
699,1851,2,3,Suburb,1991,206542.45604190213
700,2687,5,2,Urban,1980,254673.65477120708
701,2931,4,3,Urban,1979,301490.2157597572
702,1689,4,1,Urban,2019,211224.04411416216
703,2698,4,3,Urban,1956,345220.80546968256
704,1379,4,2,Suburb,1981,103848.36089510174
705,2568,4,3,Urban,1991,254537.2982707633
706,2952,2,2,Suburb,1975,352850.78542387614
707,1956,5,3,Urban,1961,173719.79582802267
708,1690,5,3,Rural,1963,197888.1079481344
709,2450,4,1,Urban,1990,265276.1460098992
710,2636,5,2,Suburb,1992,338456.4113885329
711,2291,2,2,Suburb,1979,260643.21849028897
712,2858,4,1,Rural,1958,304034.385670048
713,2600,3,3,Rural,1969,287191.8105601077
714,2440,2,2,Suburb,2017,270580.7139209375
715,2191,4,2,Suburb,1974,252500.3190369424
716,2865,5,2,Urban,1952,371294.7232165792
717,2066,2,1,Suburb,1986,257401.59886460408
718,2579,4,1,Suburb,1977,284904.8023474461
719,1284,5,2,Rural,2009,211770.31701769648
720,1396,5,3,Suburb,2009,286856.5217117545
721,1011,4,3,Rural,1969,175101.11485297672
722,2630,2,1,Urban,2018,261717.1541109648
723,2325,4,3,Rural,1957,192111.8457088134
724,2921,4,1,Urban,2021,287287.6099467984
725,2276,4,2,Rural,1981,255596.0404676911
726,1498,4,2,Rural,1973,288403.4882448866
727,1753,4,2,Urban,1974,185248.1657127602
728,1034,5,1,Suburb,1969,209782.43902802345
729,1726,4,3,Rural,2002,215865.8500989949
730,1848,2,2,Suburb,1970,174158.99432206358
731,1089,3,3,Suburb,1978,80169.25806211587
732,1775,4,3,Suburb,2011,197440.8406320433
733,1604,2,1,Urban,2021,138311.8452227575
734,2945,3,1,Rural,1983,272553.0410251459
735,1969,2,3,Rural,1996,150367.97259513475
736,2625,5,3,Suburb,1991,267944.92750139127
737,2021,5,2,Rural,1958,192499.1385363805
738,1417,3,2,Suburb,1985,154703.87797049983
739,1114,3,2,Urban,1956,132670.1551484759
740,1616,3,3,Urban,2016,143155.4262902804
741,2926,5,1,Rural,1983,297645.4550119479
742,2219,5,3,Suburb,2005,246920.26484897672
743,1825,2,2,Urban,1986,230264.15501264585
744,2524,5,2,Rural,2019,328545.8605296379
745,2649,3,1,Suburb,2004,270556.70020546595
746,2516,4,3,Suburb,1985,275162.44503035053
747,2098,4,2,Rural,1959,185514.4834638632
748,1412,3,1,Suburb,1990,149130.08966753018
749,2399,5,2,Rural,2000,214095.0543062111
750,2443,3,1,Rural,1954,290060.3012191346
751,1728,5,3,Urban,1986,149000.2885716802
752,2300,4,1,Urban,2006,267485.9013006865
753,2020,2,3,Rural,1978,190984.00846955905
754,1760,5,3,Suburb,2005,329138.6055529518
755,1675,2,2,Urban,1980,216085.781634223
756,2417,4,3,Suburb,2001,298584.9525466047
757,2892,2,2,Rural,1962,295605.4558659616
758,1456,2,2,Rural,1978,220667.13737644893
759,1919,3,3,Suburb,2007,224202.0857901244
760,1191,2,1,Urban,1977,103169.83082983548
761,1738,4,3,Urban,1980,241772.0661041939
762,2712,5,3,Urban,1996,305954.64946368407
763,2122,2,1,Urban,2014,152222.32123196096
764,2571,5,2,Suburb,2009,239857.87116430115
765,1977,3,2,Urban,1979,284245.94156282244
766,2008,4,3,Suburb,2017,214463.71330122603
767,1095,4,1,Urban,2021,172054.11113967386
768,2687,5,1,Urban,2003,233840.693357676
769,1662,4,1,Suburb,2013,240334.624479816
770,2213,3,1,Suburb,1961,143838.14535935596
771,2759,5,3,Suburb,1961,231149.53446815303
772,1036,4,3,Rural,2005,57693.11512567874
773,2803,3,2,Suburb,1968,314396.5661139018
774,2392,3,1,Rural,1985,269266.977581019
775,2718,2,3,Suburb,1963,246523.69977593367
776,2548,4,3,Suburb,1953,192436.58603816613
777,1278,5,1,Suburb,1954,214298.2895792329
778,1216,2,1,Rural,1991,151148.9419555298
779,1866,5,2,Rural,2009,241160.6363713378
780,1872,2,1,Rural,1986,211510.34112149564
781,2821,3,2,Suburb,1980,230251.8348146053
782,2296,2,2,Suburb,2006,228944.8623110937
783,2904,2,1,Rural,2001,272997.60155766347
784,1061,2,1,Rural,1992,71057.43729236326
785,1595,4,3,Suburb,2004,138738.90112488047
786,2903,2,1,Urban,1958,306800.5024859408
787,1728,3,1,Rural,2001,221433.42593213933
788,2365,5,2,Suburb,2002,260065.91839526407
789,1396,4,1,Urban,1982,193685.51749938732
790,1698,3,3,Urban,1951,253164.40903462144
791,2042,4,3,Rural,1972,260611.24503988435
792,1176,5,1,Suburb,1965,191111.8035906781
793,2635,5,1,Suburb,1997,236979.26516775688
794,1395,5,2,Rural,1953,142709.2132430368
795,1444,4,1,Rural,1974,90595.44336075484
796,2256,4,2,Suburb,2017,232944.419166036
797,2938,5,1,Urban,2016,208320.65492302965
798,1075,5,2,Rural,1988,170587.70088704966
799,1264,3,3,Suburb,1971,185462.10056795456
800,1454,5,1,Urban,2009,119379.40658699269
801,2819,2,1,Urban,1985,304423.6713133684
802,1717,4,2,Urban,1998,240869.4072498032
803,1734,3,2,Urban,1982,212119.8414692286
804,2407,4,1,Urban,1968,201291.27162474324
805,2587,5,2,Suburb,2020,283949.7947263424
806,1850,2,1,Suburb,1955,237898.5327935223
807,2529,5,3,Urban,1977,218263.07829683935
808,2390,4,2,Suburb,2014,222996.20083676535
809,1143,3,1,Suburb,1963,148993.25117853231
810,1884,4,3,Suburb,1961,239641.3180208537
811,2092,3,1,Rural,2008,226598.7974864433
812,2122,2,1,Urban,2020,229393.3071768777
813,1395,5,3,Urban,1957,145356.12903263618
814,2048,5,2,Suburb,1959,218497.79846746355
815,1947,2,3,Suburb,2019,111367.23862298972
816,1890,4,1,Suburb,1997,205937.9650073844
817,2492,2,3,Rural,2003,319363.7891736062
818,2507,5,1,Rural,1999,321563.40710783505
819,2588,3,3,Urban,1996,319101.47520436335
820,2174,5,2,Urban,1978,205614.38829094707
821,2167,4,3,Rural,1958,266521.92740215774
822,1568,3,3,Rural,2015,129901.83080778556
823,2062,4,2,Rural,2018,246504.01107683705
824,1108,5,1,Urban,2003,82999.51438098928
825,2716,5,3,Urban,1965,207232.53134222017
826,2065,3,1,Urban,1957,135032.7138610993
827,2209,4,3,Suburb,1971,296655.18677291024
828,1934,3,2,Urban,1964,259611.21731599883
829,1397,3,3,Suburb,1977,154224.85545384552
830,2246,4,1,Urban,1978,184167.682777678
831,1633,3,1,Urban,1981,128511.64008197584
832,2156,2,2,Urban,1965,199376.22255012847
833,2186,3,1,Suburb,1982,305463.2842137745
834,2238,5,2,Rural,1985,230947.2624105161
835,1732,4,2,Suburb,1988,199698.29937561287
836,1234,5,1,Urban,1999,196146.75126065977
837,2866,2,1,Rural,2017,274487.713034125
838,1657,2,2,Suburb,1963,185033.5073295144
839,1750,3,1,Rural,1988,222984.37232313093
840,1587,5,2,Suburb,2020,208334.57395061577
841,2032,3,3,Rural,1969,254289.73022892696
842,2097,3,1,Urban,1999,247007.8117062886
843,1953,5,1,Suburb,1988,189607.3232062253
844,1491,2,2,Suburb,1957,188387.2146763888
845,1912,2,3,Suburb,1979,217927.1091427364
846,2276,2,3,Rural,1969,211264.24766899477
847,2253,4,1,Urban,1977,193911.85871865976
848,2542,4,2,Urban,2019,260737.6152132153
849,2197,3,2,Urban,2003,277508.1067969679
850,2676,4,1,Suburb,1969,288139.6440456853
851,2191,4,3,Suburb,1972,310818.2996654319
852,1169,5,2,Rural,1988,144823.8783201593
853,2416,3,2,Suburb,1983,216479.2312111171
854,1945,3,1,Urban,1971,208194.23872286797
855,1794,5,1,Suburb,2006,253265.0376705048
856,1633,2,3,Urban,1996,244006.2115103892
857,2217,5,3,Urban,1967,186245.8282964399
858,2540,2,2,Rural,1957,273339.0777205339
859,1028,3,1,Urban,2010,145806.9778864852
860,2188,3,1,Urban,1979,132414.17762180505
861,2445,4,1,Rural,1998,380654.63496154535
862,1338,4,3,Urban,2021,82162.27557986573
863,2671,5,3,Rural,2012,213976.85964899743
864,2519,4,2,Suburb,1998,225675.3304178081
865,2388,3,1,Suburb,1992,253719.6212512084
866,2856,3,3,Suburb,1966,206099.42510341504
867,2365,2,1,Urban,2021,233693.17511383988
868,1499,4,3,Suburb,1992,41630.73903968584
869,2680,2,1,Suburb,2004,249052.4280536617
870,1510,3,2,Suburb,2011,184231.2030920716
871,2350,4,3,Rural,1971,308213.8830350051
872,1216,2,3,Urban,1966,57095.72060447122
873,2324,3,2,Urban,2017,182389.1946475966
874,2155,2,2,Rural,1969,217331.88164170616
875,2827,4,1,Urban,1978,350242.8684402716
876,2093,2,3,Urban,1995,289191.5054736979
877,2275,2,1,Suburb,1963,243496.65823393877
878,2438,3,1,Suburb,1980,208749.06334160693
879,2810,4,1,Urban,1980,267005.9190474079
880,1444,5,3,Rural,1952,105488.09083210796
881,1875,5,2,Rural,1971,269844.16072456585
882,2205,2,1,Suburb,2002,238840.57227716385
883,1166,3,3,Suburb,2003,206852.129632215
884,1090,4,1,Urban,1976,92241.80581748142
885,1713,3,2,Rural,1981,133711.23184425896
886,2881,4,2,Rural,1980,363943.3169361488
887,2554,3,3,Suburb,1988,254325.533799992
888,1038,5,3,Rural,2011,115580.61555255776
889,2149,5,2,Rural,2006,315570.854831943
890,2474,5,3,Suburb,2016,290504.4188193532
891,1172,3,2,Rural,2011,192190.87089628197
892,1652,3,1,Suburb,1982,204042.48327574137
893,1753,2,2,Rural,2009,227730.1345025201
894,2243,5,1,Suburb,1979,315812.0093927289
895,2661,2,3,Urban,1962,235355.14384911332
896,2081,3,1,Rural,1969,266445.0244732576
897,2683,4,2,Rural,2021,373582.4579638869
898,1475,5,3,Urban,1957,146532.87360307135
899,1455,5,3,Rural,1970,141658.680700331
900,1828,5,2,Suburb,1962,311639.1473799411
901,1894,5,3,Rural,1979,200989.2947203859
902,2384,5,2,Urban,1998,284763.6398345334
903,2958,3,1,Suburb,2007,229455.10419490823
904,2024,5,1,Suburb,1995,253040.83462918125
905,1386,5,3,Rural,1951,153895.937900664
906,2996,2,2,Urban,1968,340000.53371239634
907,1347,4,2,Rural,1976,154491.00607322797
908,1189,5,1,Rural,1956,194760.360587696
909,1504,2,1,Rural,1999,206783.25374908888
910,2214,3,3,Urban,2002,253978.80475126745
911,2531,2,2,Suburb,1990,234623.9359452987
912,2392,5,3,Urban,1961,177596.20161174834
913,2432,2,3,Urban,1966,244735.0645293368
914,1823,2,3,Suburb,2021,236688.27176150816
915,1928,3,2,Rural,2005,205486.3072228253
916,1933,2,1,Rural,1970,214957.65001214077
917,2140,3,2,Urban,1963,232001.8099941528
918,1133,3,2,Urban,1971,31141.661175317782
919,1057,2,2,Suburb,1958,118092.00217452954
920,2579,5,3,Urban,1955,295625.1346682316
921,1684,4,3,Rural,1978,178076.61921988643
922,1671,2,2,Suburb,1993,195992.02480337096
923,1172,2,3,Rural,1965,48426.56952724123
924,2852,2,3,Rural,1993,237828.08700627237
925,1814,4,1,Suburb,1978,224581.67951386687
926,2172,4,2,Suburb,1970,240740.18783411043
927,1079,3,2,Rural,2015,195945.22713417688
928,1885,4,3,Suburb,2021,249861.14614101723
929,2236,4,2,Suburb,1985,326922.0049785314
930,1202,2,2,Urban,1952,206065.5832070673
931,1763,3,2,Urban,2006,212178.72116261904
932,2252,5,2,Rural,1998,316517.30020622705
933,2699,3,3,Rural,1990,240508.8366583316
934,2250,4,1,Suburb,1999,279073.86395829613
935,2682,4,3,Suburb,1963,244530.0160029172
936,2555,2,1,Urban,1972,354766.5624941777
937,2464,5,2,Suburb,2015,276540.4343396436
938,2425,5,2,Rural,1989,269753.6360239221
939,1046,5,2,Urban,1970,92737.39910827587
940,2256,4,2,Rural,1992,90256.53134838892
941,2328,4,2,Rural,1995,256324.2314453304
942,2549,3,2,Rural,1997,215428.4397021493
943,2166,4,2,Rural,2018,349937.8304799792
944,2438,5,1,Rural,1979,270658.20070059143
945,2536,5,3,Urban,1989,341876.2464882541
946,2396,5,2,Rural,1991,333079.80905804696
947,2589,2,2,Rural,1973,352650.3372044172
948,2909,3,2,Rural,2008,384570.0092932205
949,2282,3,1,Rural,2014,295735.1483372617
950,1655,4,2,Suburb,2003,195194.70008024533
951,1470,2,3,Urban,2008,95133.30811467016
952,2976,3,1,Urban,2009,299964.91612332454
953,1970,2,1,Suburb,1987,197931.9728010611
954,2035,2,2,Rural,1951,234129.68073221648
955,2353,4,1,Urban,2014,352243.84374203807
956,1735,2,2,Rural,1957,195768.76583076143
957,1783,3,3,Suburb,1960,189727.3845919774
958,1967,4,3,Urban,1991,235663.8437831698
959,1357,3,1,Urban,2004,82170.73832633767
960,1971,2,1,Rural,1990,238246.37459804572
961,2431,2,2,Suburb,1952,209647.4475033536
962,1667,5,1,Urban,1960,204634.1487795993
963,1372,4,3,Rural,2009,121797.35786225925
964,2031,4,1,Rural,1959,232913.77870877416
965,2145,5,3,Rural,1961,260744.77494843025
966,2371,3,2,Rural,2017,295669.2145331389
967,1675,3,3,Suburb,1950,222874.7259221029
968,1089,2,1,Urban,1989,169571.70650048825
969,2671,4,3,Rural,1988,301400.87618549453
970,1697,2,3,Suburb,1965,146521.30885491136
971,2339,5,1,Urban,1974,239841.0991899742
972,2201,2,2,Urban,1977,250995.74813573709
973,1539,3,3,Rural,1992,230483.4878244484
974,1731,3,1,Urban,1956,219340.69060929623
975,1868,5,3,Rural,1978,271113.41788545327
976,1040,3,3,Suburb,2012,154006.60360164827
977,1739,5,3,Urban,1960,208431.56936749088
978,2727,4,2,Rural,1950,312734.6629286009
979,2946,5,3,Suburb,1977,342149.84239391383
980,1501,5,1,Rural,1995,198493.32156194845
981,1958,5,1,Urban,1952,256779.9117483605
982,2168,3,3,Suburb,1963,233297.09623688145
983,2224,4,2,Urban,1988,267938.9424322745
984,1928,2,1,Urban,1974,210799.65892766285
985,2747,4,2,Rural,1984,373797.1322616373
986,1460,3,2,Rural,1979,128689.36466163806
987,1731,4,1,Suburb,1989,149708.53136453356
988,1751,4,1,Rural,1960,167144.4373619491
989,1924,5,2,Suburb,2015,180984.9796643805
990,1908,5,3,Urban,1988,207714.8483576871
991,2581,3,2,Urban,1977,226302.52606282648
992,2570,5,1,Urban,2013,341995.9982288175
993,2276,3,2,Urban,1952,261788.23030012185
994,1389,2,1,Suburb,1955,169312.49524263147
995,2617,4,3,Suburb,1985,246554.25488170615
996,1882,2,3,Urban,1952,218620.43921642733
997,1255,2,3,Rural,1969,152644.907943359
998,1708,4,3,Urban,2019,79441.72986086977
999,2838,5,3,Suburb,2006,251681.75316897008
1000,2944,2,1,Rural,2001,270128.29476942227
1001,1449,4,2,Urban,1958,207723.0892694964
1002,1009,2,3,Urban,2017,100701.19979526964
1003,1823,2,1,Suburb,2019,236683.28938428895
1004,1797,4,2,Suburb,1999,234486.01240700684
1005,2265,5,2,Suburb,1955,165566.96888497123
1006,2274,3,3,Suburb,1992,286489.71959930385
1007,1876,4,3,Rural,2005,177401.4627306995
1008,2028,3,2,Rural,1966,249908.62854710344
1009,2142,4,2,Suburb,1981,161743.42682973482
1010,2015,4,1,Rural,1960,187143.68436892435
1011,2824,3,3,Urban,1975,247402.5100149845
1012,1373,3,2,Rural,1967,155358.82516424777
1013,2088,5,2,Urban,1979,279165.0371727858
1014,1145,4,3,Suburb,2013,89762.97208250996
1015,1223,4,1,Urban,1981,181760.12007952813
1016,2262,4,1,Suburb,2006,244215.91496888423
1017,1176,5,3,Suburb,2011,245337.7602129785
1018,2802,3,1,Suburb,1956,303158.5657433613
1019,1852,4,1,Rural,1954,156793.64226877288
1020,2305,3,1,Urban,2019,290483.59920286294
1021,1062,5,2,Rural,1963,94671.10673217148
1022,2240,2,2,Suburb,1995,194460.42333305304
1023,2877,3,1,Rural,1961,282958.5553237845
1024,1826,5,3,Suburb,1999,203993.739298476
1025,1794,2,3,Urban,1990,205849.02814944123
1026,1688,4,3,Suburb,1957,149216.25946975296
1027,2484,4,1,Suburb,1952,246342.17894528623
1028,2952,3,3,Rural,2001,289062.4435412551
1029,2633,2,2,Suburb,1960,296127.9756572241
1030,1104,5,3,Urban,1997,97422.08368762385
1031,2122,4,3,Urban,1961,163521.696400653
1032,1510,4,2,Suburb,2000,122252.28194094716
1033,1384,2,2,Urban,1953,133770.93074875965
1034,1404,5,1,Suburb,1966,184800.95206916227
1035,1822,4,1,Suburb,1978,251020.94331935447
1036,1517,4,1,Urban,1972,115263.64064090072
1037,1475,3,1,Rural,2011,90949.32580507116
1038,1708,5,1,Suburb,1961,189782.12338056669
1039,2886,4,2,Rural,1997,280071.50492796715
1040,2668,2,2,Rural,1982,258006.46454140887
1041,2893,4,2,Suburb,1962,386754.03192247095
1042,1770,5,3,Urban,1987,146603.65784613608
1043,2460,3,3,Suburb,1999,259605.9310192093
1044,2046,4,3,Urban,1961,259302.22778456227
1045,1996,2,1,Suburb,1975,172698.92266857144
1046,2588,4,3,Rural,2014,339031.5397433728
1047,1676,2,1,Suburb,1952,255611.72754527832
1048,1713,5,1,Urban,1957,192246.85587604664
1049,2481,3,1,Urban,1979,345003.4976248391
1050,1082,5,1,Suburb,1992,142633.8501089564
1051,2168,4,3,Urban,1963,195356.4527107719
1052,2108,4,2,Suburb,1966,279338.9777502631
1053,2101,3,1,Rural,2020,176065.22076954978
1054,1456,2,3,Suburb,1989,102686.51248001643
1055,2901,5,1,Suburb,2015,357084.86213091767
1056,1000,2,1,Urban,1957,77593.87758504473
1057,1050,4,2,Suburb,1955,218059.03265432865
1058,1684,2,1,Rural,1967,97481.12166378334
1059,1716,5,2,Rural,2015,251997.9172320539
1060,2795,2,3,Suburb,1951,291568.3442373525
1061,2469,4,1,Urban,2009,164581.10356833227
1062,1448,5,2,Rural,1952,232049.16350135388
1063,1880,2,1,Suburb,1956,153154.0548120147
1064,1487,2,1,Suburb,1996,40231.17453969747
1065,2823,5,1,Rural,1979,400579.3722128632
1066,1033,4,2,Urban,1984,171695.7859384045
1067,2371,5,3,Suburb,2008,255858.3259608861
1068,1094,4,2,Rural,2011,198666.6613698284
1069,2095,2,3,Suburb,1996,232521.07262902104
1070,2574,5,2,Rural,1966,296498.5389523756
1071,1153,4,2,Suburb,2002,220953.76142536377
1072,1249,5,3,Urban,1982,177511.56795711152
1073,1673,2,3,Urban,2012,243821.2869015408
1074,1437,5,3,Rural,1991,152095.59082597902
1075,1117,2,2,Suburb,1997,62277.05245547429
1076,1770,2,3,Urban,2011,182285.04744173572
1077,2914,2,1,Rural,1956,339183.52209606726
1078,2329,4,1,Urban,2004,335253.9924921469
1079,1267,4,1,Urban,1987,157519.0965890365
1080,2984,3,1,Suburb,2018,424502.06760861306
1081,2077,4,3,Suburb,1988,202779.7545867599
1082,1235,3,3,Urban,1978,106521.1346797226
1083,1388,5,1,Urban,1978,178038.7173342208
1084,1989,2,3,Urban,2004,233632.76826735772
1085,2757,4,1,Urban,2009,286469.3746141461
1086,1762,2,2,Rural,2015,173138.7930354946
1087,2848,3,3,Rural,1953,273489.4263233002
1088,1400,4,2,Urban,1969,205885.8808533246
1089,1623,4,3,Suburb,2000,200613.40704922192
1090,1766,4,3,Suburb,2019,227038.98412989223
1091,2326,4,3,Rural,2004,141390.5479169713
1092,1918,2,2,Urban,1995,267982.47357604053
1093,2230,4,2,Suburb,1996,207817.6999502768
1094,2252,3,1,Urban,2019,309843.49823040946
1095,1852,4,2,Rural,1963,151088.13116539095
1096,2933,3,2,Rural,1954,251312.0636183864
1097,1577,3,1,Suburb,1981,153390.6596971213
1098,1074,2,2,Urban,1991,145292.96624164618
1099,1434,4,2,Rural,1989,227151.09262741785
